Name,Age,Gender,What is the frequency of your online shopping?,Are you aware of the concept of word of mouth marketing in the digital age?,Which digital word of mouth platform do you trust the most for online reviews before making a purchase decision?,How often do you search for online reviews or opinions before purchasing a product?,How often do you check online discussion forums such as reddit or quora to read customer opinions before making a purchase decision?,"Do you believe that digital word of mouth (online reviews, recommendations and discussions) helps in building brands trust and credibility?","In your opinion, brands with higher online ratings and reviews are more trustworthy.",Does a brand's quick response to online reviews or customer complaints increase your trust in that brand?,Online reviews help reduce the risk involved in making purchase decision.,What motivates you the most to share product reviews.,How quickly do online reviews influence your final purchase.,Do you compare reviews across different websites
Prachi,Below 20,,Occasionally (once a month),Yes,Video reviews and product demos,Always,Sometimes,Yes,Strongly agree,Yes,Strongly agree,Extremly positive or negative product experience,Immediately,Always
Preeti,21-30,Female,Frequently (2-3 times a month),Yes,Reviews on e commerce website,Often,Sometimes,Yes,Agree,Yes,Agree,Desire to help other customers,After some consideration,Sometimes
Alisha,21-30,Female,Rarely (once in a few months),Yes,Video reviews and product demos,Always,Never,Yes,Agree,Yes,Neutral,Extremly positive or negative product experience,After some consideration,Sometimes
Parneet Kaur,21-30,Female,Frequently (2-3 times a month),No,Video reviews and product demos,Always,Sometimes,Yes,Agree,Yes,Agree,Desire to help other customers,After some consideration,Sometimes
Mehak Walia,Below 20,Female,Never (I do not shop online),No,Brand pages with customer feedback,Sometimes,Rarely,No,Disagree,No,Disagree,Rewards or discounts,Rarely,Sometimes
Sneha Kundu,Below 20,Female,Frequently (2-3 times a month),No,Reviews on e commerce website,Always,Never,Yes,Agree,Yes,Strongly agree,Rewards or discounts,After some consideration,Always
Rajkamal Singh,21-30,Male,Very Frequently (once a week or more0,Yes,Social media posts,Always,Sometimes,Yes,Strongly agree,Yes,Strongly agree,Extremly positive or negative product experience,Immediately,Sometimes
Neha Sharma,21-30,Female,Occasionally (once a month),No,Brand pages with customer feedback,Sometimes,Rarely,Yes,Strongly disagree,No,Disagree,Desire to help other customers,After some consideration,Sometimes
Simran,21-30,Female,Occasionally (once a month),No,Video reviews and product demos,Always,Sometimes,Yes,Strongly agree,,Agree,Desire to help other customers,After some consideration,Sometimes
Rishika Singla,Below 20,Female,Rarely (once in a few months),No,Video reviews and product demos,Often,Never,Yes,Agree,Yes,Agree,Desire to help other customers,After some consideration,Always
Kushpreet Kaur,21-30,Female,Occasionally (once a month),Yes,Brand pages with customer feedback,Always,Sometimes,Yes,Agree,Yes,Disagree,Desire to help other customers,After some consideration,Sometimes
,21-30,Male,Never (I do not shop online),No,Social media posts,Never,Never,No,Disagree,No,Disagree,Rewards or discounts,Never,Never
Ajay Kumar,21-30,Male,Occasionally (once a month),Yes,Social media posts,Often,Sometimes,No,Disagree,Yes,Agree,Rewards or discounts,After some consideration,Sometimes
Ganik,Below 20,Male,Occasionally (once a month),Yes,Video reviews and product demos,Often,Rarely,Yes,Agree,Yes,Agree,Rewards or discounts,After some consideration,Rarely
Nikhil,Below 20,Male,Very Frequently (once a week or more0,No,Brand pages with customer feedback,Always,Always,Yes,Strongly agree,Yes,Agree,Rewards or discounts,Immediately,Always
,Above 40,Female,Very Frequently (once a week or more0,Yes,Social media posts,Sometimes,Sometimes,Yes,Strongly agree,Yes,Strongly agree,Extremly positive or negative product experience,Immediately,Always
Noordeep Kaur,21-30,Female,Occasionally (once a month),Yes,Social media posts,Always,Sometimes,Yes,Strongly agree,Yes,Strongly agree,Desire to help other customers,After some consideration,Always
Isha,Below 20,Female,Frequently (2-3 times a month),Yes,Reviews on e commerce website,Often,Always,Yes,Strongly agree,Yes,Agree,Extremly positive or negative product experience,After some consideration,Always
Deepanshu Bathla,21-30,Male,Frequently (2-3 times a month),Yes,Video reviews and product demos,Often,Rarely,Yes,Agree,Yes,Agree,Other,Rarely,Sometimes
Aman,21-30,Male,Frequently (2-3 times a month),Yes,Brand pages with customer feedback,Always,Sometimes,Yes,Strongly agree,Yes,Agree,Extremly positive or negative product experience,After some consideration,Sometimes
Sakshi Goyal,21-30,Female,Frequently (2-3 times a month),Yes,Reviews on e commerce website,Always,Rarely,Yes,Agree,Yes,Agree,Desire to help other customers,After some consideration,Rarely
Ayush,21-30,Male,Occasionally (once a month),Yes,Brand pages with customer feedback,Often,Sometimes,Yes,Agree,Yes,Agree,Desire to help other customers,Immediately,Rarely
Neha Sharma,21-30,Female,Very Frequently (once a week or more0,Yes,Brand pages with customer feedback,Always,Sometimes,Yes,Agree,Yes,Agree,Extremly positive or negative product experience,After some consideration,Rarely
Jaspreet,21-30,Female,Rarely (once in a few months),Yes,Reviews on e commerce website,Always,Rarely,Yes,Agree,Yes,Agree,Extremly positive or negative product experience,Immediately,Sometimes
Neha Sharma,21-30,Female,Very Frequently (once a week or more0,Yes,Brand pages with customer feedback,Always,Rarely,Yes,Agree,Yes,Strongly agree,Extremly positive or negative product experience,After some consideration,Rarely
Keshav Garg,21-30,Male,Very Frequently (once a week or more0,Yes,Social media posts,Always,Sometimes,Yes,Agree,Yes,Agree,Rewards or discounts,After some consideration,Rarely
Disha Hooda,21-30,Female,Occasionally (once a month),Yes,Brand pages with customer feedback,Always,Always,Yes,Strongly agree,Yes,Agree,Desire to help other customers,Immediately,Always
Ishita Rana,Below 20,Female,Frequently (2-3 times a month),Yes,Reviews on e commerce website,Sometimes,Never,Yes,Agree,Yes,Agree,Other,After some consideration,Sometimes
Aditya,21-30,Male,Frequently (2-3 times a month),Yes,Social media posts,Always,Sometimes,Yes,Strongly agree,Yes,Neutral,Desire to help other customers,After some consideration,Sometimes
Ritik,21-30,Male,Occasionally (once a month),Yes,Brand pages with customer feedback,Always,Always,Yes,Agree,Yes,Agree,Desire to help other customers,Rarely,Rarely
Vandana,Below 20,Female,Frequently (2-3 times a month),Yes,Video reviews and product demos,Always,Sometimes,Yes,Agree,Yes,Agree,Extremly positive or negative product experience,After some consideration,Sometimes
Pooja Roy,21-30,Female,Rarely (once in a few months),No,Brand pages with customer feedback,Never,Sometimes,Yes,Disagree,Yes,Agree,Extremly positive or negative product experience,Rarely,Always
Simran,21-30,Female,Occasionally (once a month),Yes,Reviews on e commerce website,Always,Sometimes,Yes,Agree,Yes,Neutral,Desire to help other customers,After some consideration,Sometimes
Simran,21-30,Female,Frequently (2-3 times a month),Yes,Social media posts,Often,Sometimes,Yes,Agree,Yes,Strongly agree,Desire to help other customers,After some consideration,Always
Nilakshi,Below 20,Female,Rarely (once in a few months),Yes,Video reviews and product demos,Always,Always,Yes,Strongly agree,Yes,Strongly agree,Extremly positive or negative product experience,Immediately,Always
Prince Gupta,21-30,Male,Very Frequently (once a week or more0,Yes,Brand pages with customer feedback,Always,Always,Yes,Strongly agree,Yes,Agree,Extremly positive or negative product experience,Immediately,Sometimes
Akshay,21-30,Male,Occasionally (once a month),Yes,Video reviews and product demos,Sometimes,Always,No,Agree,No,Strongly agree,Desire to help other customers,Rarely,Sometimes
,21-30,Female,Occasionally (once a month),Yes,Brand pages with customer feedback,Always,Sometimes,Yes,Strongly agree,Yes,Agree,Extremly positive or negative product experience,Rarely,Always
Aarzoo Rathi,21-30,Female,Rarely (once in a few months),No,Reviews on e commerce website,Always,Rarely,Yes,Agree,Yes,Agree,Desire to help other customers,After some consideration,Sometimes
Yogesh Rajput,21-30,Male,Occasionally (once a month),Yes,Brand pages with customer feedback,Always,Sometimes,Yes,Agree,Yes,Neutral,Extremly positive or negative product experience,Rarely,Sometimes
,Below 20,Others,Frequently (2-3 times a month),Yes,Reviews on e commerce website,Always,Sometimes,Yes,Disagree,Yes,Agree,Extremly positive or negative product experience,After some consideration,Sometimes
Prathyusha,Below 20,Female,Frequently (2-3 times a month),No,Video reviews and product demos,Often,Rarely,Yes,Agree,Yes,Neutral,Extremly positive or negative product experience,Immediately,Sometimes
Manshi,21-30,Female,Occasionally (once a month),Yes,Brand pages with customer feedback,Always,Sometimes,Yes,Agree,Yes,Agree,Other,After some consideration,Always
Twenkle Lama,21-30,Female,Occasionally (once a month),Yes,Social media posts,Always,Always,Yes,Agree,Yes,Strongly agree,Extremly positive or negative product experience,Immediately,Always
Palak,Below 20,Female,Very Frequently (once a week or more0,Yes,Social media posts,Often,Sometimes,Yes,Agree,Yes,Agree,Extremly positive or negative product experience,Immediately,Always
Abhay,21-30,Male,Frequently (2-3 times a month),No,Video reviews and product demos,Always,Sometimes,No,Disagree,No,Neutral,Desire to help other customers,After some consideration,Sometimes
Laddi,21-30,Male,Frequently (2-3 times a month),Yes,Video reviews and product demos,Sometimes,Rarely,Yes,Agree,Yes,Neutral,Other,After some consideration,Sometimes
Rashpal,21-30,Male,Frequently (2-3 times a month),Yes,Video reviews and product demos,Sometimes,Rarely,Yes,Agree,Yes,Neutral,Other,Rarely,Sometimes
Kuldeep Kaur,Above 40,Female,Very Frequently (once a week or more0,No,Video reviews and product demos,Sometimes,Never,Yes,Agree,Yes,Agree,Extremly positive or negative product experience,Rarely,Sometimes
Suraj,Above 40,Male,Rarely (once in a few months),Yes,Brand pages with customer feedback,Often,Never,Yes,Agree,Yes,Agree,Extremly positive or negative product experience,After some consideration,Sometimes
Tarun,21-30,Male,Very Frequently (once a week or more0,Yes,Social media posts,Sometimes,Rarely,Yes,Agree,Yes,Neutral,Extremly positive or negative product experience,After some consideration,Sometimes
Savita,Above 40,Female,Rarely (once in a few months),No,Reviews on e commerce website,Always,Rarely,Yes,Agree,Yes,Agree,Desire to help other customers,Rarely,Rarely
Rampal,Above 40,Male,Frequently (2-3 times a month),Yes,Brand pages with customer feedback,Sometimes,Sometimes,Yes,Agree,Yes,Agree,Desire to help other customers,After some consideration,Sometimes
Manoj,31-40,Male,Occasionally (once a month),No,Brand pages with customer feedback,Sometimes,Sometimes,Yes,Agree,Yes,Strongly agree,Desire to help other customers,Rarely,Always
Kajal Sharma,31-40,Female,Frequently (2-3 times a month),Yes,Social media posts,Always,Sometimes,Yes,Agree,Yes,Agree,Extremly positive or negative product experience,Immediately,Sometimes
Tejpal Verma,31-40,Male,Frequently (2-3 times a month),Yes,Brand pages with customer feedback,Often,Sometimes,Yes,Strongly agree,Yes,Agree,Desire to help other customers,After some consideration,Sometimes
Amaan,Below 20,Male,Very Frequently (once a week or more0,Yes,Brand pages with customer feedback,Sometimes,Sometimes,No,Disagree,Yes,Disagree,Other,Rarely,Sometimes
Ramandeep,Below 20,Female,Very Frequently (once a week or more0,Yes,Video reviews and product demos,Sometimes,Sometimes,No,Disagree,Yes,Agree,Other,Rarely,Sometimes
Neha,21-30,Female,Occasionally (once a month),Yes,Reviews on e commerce website,Always,Sometimes,Yes,Agree,Yes,Strongly agree,Desire to help other customers,After some consideration,Sometimes
Sanskriti Singh,Below 20,Female,Very Frequently (once a week or more0,Yes,Social media posts,Always,Always,Yes,Agree,Yes,Neutral,Desire to help other customers,After some consideration,Sometimes
Nishi,21-30,Female,Occasionally (once a month),No,Video reviews and product demos,Sometimes,Never,Yes,Agree,Yes,Agree,Other,Rarely,Sometimes
Maninder Kaur,Below 20,Female,Occasionally (once a month),Yes,Video reviews and product demos,Always,Always,Yes,Strongly agree,Yes,Agree,Extremly positive or negative product experience,After some consideration,Sometimes
Riya,31-40,Female,Occasionally (once a month),Yes,Video reviews and product demos,Sometimes,Rarely,Yes,Agree,Yes,Agree,Desire to help other customers,Immediately,Sometimes
Heena,31-40,Female,Frequently (2-3 times a month),Yes,Brand pages with customer feedback,Often,Always,Yes,Agree,Yes,Strongly agree,Rewards or discounts,After some consideration,Sometimes
Nancy,31-40,Female,Very Frequently (once a week or more0,Yes,Social media posts,Always,Sometimes,Yes,Agree,Yes,Agree,Rewards or discounts,After some consideration,Always
Ankita,Below 20,Female,Very Frequently (once a week or more0,No,Brand pages with customer feedback,Often,Always,Yes,Disagree,Yes,Agree,Extremly positive or negative product experience,After some consideration,Sometimes
Anshika,31-40,Female,Occasionally (once a month),No,Reviews on e commerce website,Sometimes,Always,Yes,Agree,Yes,Agree,Rewards or discounts,After some consideration,Sometimes
Bhumi,31-40,Female,Frequently (2-3 times a month),Yes,Brand pages with customer feedback,Often,Always,Yes,Strongly agree,Yes,Agree,Extremly positive or negative product experience,Rarely,Sometimes
Navdeep Singh,31-40,Male,Occasionally (once a month),Yes,Brand pages with customer feedback,Always,Sometimes,Yes,Strongly agree,Yes,Agree,Rewards or discounts,After some consideration,Rarely
Ayushi,31-40,Female,Frequently (2-3 times a month),Yes,Video reviews and product demos,Sometimes,Sometimes,Yes,Agree,Yes,Neutral,Extremly positive or negative product experience,After some consideration,Sometimes
Sarita,Below 20,Female,Occasionally (once a month),No,Video reviews and product demos,Never,Rarely,Yes,Strongly disagree,Yes,Agree,Desire to help other customers,After some consideration,Never
Pawan,31-40,Male,Rarely (once in a few months),Yes,Brand pages with customer feedback,Sometimes,Always,Yes,Agree,Yes,Neutral,Desire to help other customers,Rarely,Always
Akash,31-40,Male,Occasionally (once a month),Yes,Brand pages with customer feedback,Often,Sometimes,Yes,Agree,No,Neutral,Desire to help other customers,After some consideration,Rarely
Aryan Dhiman,Above 40,Male,Rarely (once in a few months),No,Video reviews and product demos,Often,Sometimes,Yes,Agree,Yes,Agree,Desire to help other customers,After some consideration,Sometimes
Harbinder Singh,21-30,Male,Rarely (once in a few months),Yes,Brand pages with customer feedback,Often,Never,Yes,Agree,No,Agree,Desire to help other customers,After some consideration,Rarely
Dalip,31-40,Female,Rarely (once in a few months),Yes,Brand pages with customer feedback,Often,Sometimes,Yes,Agree,Yes,Neutral,Desire to help other customers,Rarely,Sometimes
Prince,31-40,Female,Rarely (once in a few months),Yes,Video reviews and product demos,Sometimes,Rarely,Yes,Agree,Yes,Neutral,Rewards or discounts,Immediately,Sometimes
Monty,31-40,Male,Frequently (2-3 times a month),No,Reviews on e commerce website,Sometimes,Sometimes,Yes,Agree,Yes,Neutral,Desire to help other customers,Rarely,Always
Varun,31-40,Male,Rarely (once in a few months),No,Video reviews and product demos,Never,Sometimes,Yes,Agree,Yes,Strongly agree,Extremly positive or negative product experience,Rarely,Rarely
Nandini,21-30,Male,Frequently (2-3 times a month),Yes,Social media posts,Always,Always,Yes,Strongly agree,Yes,Disagree,Rewards or discounts,After some consideration,Sometimes
Arun,21-30,Male,Occasionally (once a month),Yes,Brand pages with customer feedback,Sometimes,Rarely,Yes,Disagree,No,Agree,Desire to help other customers,After some consideration,Sometimes
Harpreet Kaur,31-40,Female,Rarely (once in a few months),No,Video reviews and product demos,Often,Rarely,No,Agree,Yes,Neutral,Rewards or discounts,Rarely,Sometimes
Mansi,21-30,Female,Occasionally (once a month),Yes,Brand pages with customer feedback,Often,Sometimes,Yes,Agree,No,Agree,Desire to help other customers,Never,Rarely
Pinky,21-30,Female,Frequently (2-3 times a month),Yes,Brand pages with customer feedback,Sometimes,Always,Yes,Agree,Yes,Neutral,Desire to help other customers,Never,Sometimes
Prashant,Below 20,Male,Occasionally (once a month),No,Brand pages with customer feedback,Sometimes,Never,Yes,Agree,Yes,Disagree,Rewards or discounts,Rarely,Sometimes
Abhishek,Below 20,Male,Frequently (2-3 times a month),Yes,Social media posts,Always,Always,Yes,Agree,Yes,Neutral,Rewards or discounts,Never,Rarely
Dilpreet,Below 20,Male,Rarely (once in a few months),No,Video reviews and product demos,Often,Rarely,Yes,Disagree,Yes,Agree,Other,Never,Rarely
Naina,Below 20,Female,Rarely (once in a few months),No,Brand pages with customer feedback,Always,Always,No,Agree,Yes,Neutral,Rewards or discounts,Rarely,Sometimes
Ayesha,21-30,Female,Rarely (once in a few months),No,Reviews on e commerce website,Never,Never,No,Disagree,No,Neutral,Rewards or discounts,Never,Rarely
Raman,31-40,Female,Rarely (once in a few months),No,Video reviews and product demos,Sometimes,Rarely,No,Agree,No,Neutral,Desire to help other customers,Rarely,Sometimes
Mansi,Below 20,Female,Frequently (2-3 times a month),No,Brand pages with customer feedback,Sometimes,Never,Yes,Agree,No,Strongly agree,Rewards or discounts,Rarely,Sometimes
Ramandeep Kaur,Below 20,Female,Frequently (2-3 times a month),Yes,Brand pages with customer feedback,Always,Always,Yes,Strongly agree,Yes,Strongly agree,Desire to help other customers,Immediately,Always
Pulkit,Below 20,Male,Frequently (2-3 times a month),No,Brand pages with customer feedback,Always,Always,Yes,Strongly agree,Yes,Strongly agree,Extremly positive or negative product experience,After some consideration,Sometimes
Lovneet Kaur,Below 20,Female,Occasionally (once a month),No,Brand pages with customer feedback,Often,Always,Yes,Strongly agree,Yes,Neutral,Desire to help other customers,After some consideration,Sometimes
Nikshu,31-40,Female,Occasionally (once a month),No,Brand pages with customer feedback,Often,Rarely,Yes,Agree,Yes,Neutral,Desire to help other customers,Never,Rarely
Ajay,Below 20,Male,Occasionally (once a month),Yes,Video reviews and product demos,Never,Never,Yes,Strongly disagree,Yes,Strongly agree,Extremly positive or negative product experience,After some consideration,Always
Ankush,Below 20,Male,Very Frequently (once a week or more0,No,Social media posts,Often,Sometimes,Yes,Strongly agree,Yes,Neutral,Extremly positive or negative product experience,Rarely,Sometimes
Hanish,Below 20,Male,Occasionally (once a month),Yes,Reviews on e commerce website,Often,Rarely,No,Disagree,Yes,Neutral,Desire to help other customers,Rarely,Sometimes
Lucky,31-40,Male,Occasionally (once a month),Yes,Video reviews and product demos,Always,Sometimes,Yes,Strongly agree,Yes,Neutral,Desire to help other customers,After some consideration,Always
Manish,31-40,Male,Occasionally (once a month),No,Video reviews and product demos,Often,Sometimes,Yes,Agree,Yes,Neutral,Rewards or discounts,Rarely,Sometimes
Neetu,31-40,Female,Occasionally (once a month),Yes,Video reviews and product demos,Sometimes,Never,Yes,Agree,Yes,Agree,Desire to help other customers,Rarely,Sometimes
Bhanu,Below 20,Male,Frequently (2-3 times a month),Yes,Brand pages with customer feedback,Sometimes,Rarely,No,Agree,Yes,Neutral,Rewards or discounts,Rarely,Rarely
Tammana,Below 20,Female,Occasionally (once a month),Yes,Brand pages with customer feedback,Often,Sometimes,Yes,Agree,Yes,Neutral,Desire to help other customers,Never,Rarely
Tanveer Kaur,Below 20,Female,Frequently (2-3 times a month),Yes,Brand pages with customer feedback,Sometimes,Never,No,Agree,No,Neutral,Rewards or discounts,Never,Rarely
Ayaan Shahsaroha,21-30,Female,Occasionally (once a month),Yes,Video reviews and product demos,Sometimes,Sometimes,Yes,Agree,Yes,Neutral,Desire to help other customers,After some consideration,Sometimes
